скалолазание,охота
Горные лыжи,Автомобили,Ароматерапия,Астрономия,Аэробика
Аэрография, Бадминтон, Выращивание кристаллов
Батик,Батут,Бег,Бильярд,Блоггерство,Бодиарт,Боевые искусства
Бонсай,Граффити,Дизайн одежды
Боулинг,Вязание,Кайтинг
Велосипед,Дайвинг,Дизайн интерьера,Дерево (выжигание и резьба)
Видеомонтаж,Гольф,Головоломки,Диггерство
Путешествия,Робототехника,Серфихология и тренинги
Лыжи,Пчеловодство,Рисование по номерам,Рыбалка
Картинг и квадроциклы,Пейнтбол,Клубный отдых,Программирование
Каллиграфия,Паззлы,Охота,Икебана
Выращивание растений и цветов,Гербарий,Дартс
